Model,Plant,Month,U.S.A,Canada,Mexico,Europe,Eastern Europe,Latin America,Middle East,Africa,Asia Pacific,India,China
Morning / Picanto,Korean Plant,January,0,0,0,5518,174,1452,1110,1073,459,0,0
Pride / Rio,Korean Plant,January,0,0,0,3130,61,68,347,512,608,0,0
K3,Korean Plant,January,0,95,57,0,171,13,175,5,333,0,0
K5 / Optima,Korean Plant,January,0,0,0,0,774,0,1116,1,3,0,0
Stinger,Korean Plant,January,466,22,10,101,10,0,0,0,180,0,0
"K7,8 / Cadenza",Korean Plant,January,0,0,0,0,27,0,51,0,0,0,0
K9,Korean Plant,January,0,0,0,0,16,0,0,0,0,0,0
Stonic,Korean Plant,January,0,0,0,4580,146,148,498,97,540,0,0
Seltos,Korean Plant,January,3994,984,0,0,368,363,657,0,620,0,0
Soul,Korean Plant,January,4844,420,381,0,123,220,1,0,4,0,0
Soul EV,Korean Plant,January,0,25,0,190,0,7,0,0,0,0,0
Niro,Korean Plant,January,2615,0,110,4195,14,46,9,18,148,0,0
Niro EV,Korean Plant,January,1098,0,0,2914,8,6,0,6,95,0,0
Niro Plus,Korean Plant,January,0,0,0,0,0,0,993,3,111,0,0
Niro Plus EV,Korean Plant,January,0,0,0,0,0,0,213,0,39,0,0
EV6,Korean Plant,January,1110,75,0,2346,7,0,74,17,320,29,0
EV9,Korean Plant,January,0,0,0,0,0,0,0,0,0,0,0
Sportage,Korean Plant,January,2049,776,0,0,1094,824,0,0,2077,0,0
Sorento,Korean Plant,January,1220,22,0,1126,501,216,1374,67,1242,0,0
Mohave / Borrego,Korean Plant,January,0,0,0,0,16,0,0,0,0,0,0
Carnival / Sedona,Korean Plant,January,1662,297,0,0,40,91,175,12,1660,0,0
Bongo / Frontier,Korean Plant,January,0,0,0,0,8,823,1162,185,163,0,0
Bus,Korean Plant,January,0,0,0,0,0,0,0,0,0,0,0
Cee'd,Slovakia Plant,January,0,0,,6925,502,0,58,12,0,0,0
Cee'd CUV,Slovakia Plant,January,0,0,,3750,62,5,1,66,0,0,0
Sportage,Slovakia Plant,January,0,0,,11329,602,455,2199,456,0,0,0
Pride / Rio (SC),Mexico Plant,January,2184,463,4050,0,0,831,89,1,0,0,0
K3,Mexico Plant,January,8190,1068,991,0,0,115,0,0,0,0,0
Pride / Rio (FB),Russia Plant(incl. CKD Sales),January,0,0,,0,85,0,0,0,0,0,0
K3 (CKD),Russia Plant(incl. CKD Sales),January,0,0,,0,125,0,0,0,0,0,0
Soul (CKD),Russia Plant(incl. CKD Sales),January,0,0,,0,41,0,0,0,0,0,0
Seltos (CKD),Russia Plant(incl. CKD Sales),January,0,0,,0,145,0,0,0,0,0,0
Sorento (CKD),Russia Plant(incl. CKD Sales),January,0,0,,0,0,0,0,0,0,0,0
Optima / K5,US Plant,January,3368,109,,0,0,0,0,0,0,0,0
Sportage,US Plant,January,6553,0,,0,0,0,0,0,0,0,0
Sorento,US Plant,January,5048,591,227,0,0,37,0,0,0,0,0
Telluride,US Plant,January,7582,316,,0,0,12,106,0,3,0,0
Pegas,China Plants,January,0,0,,0,0,1555,1292,271,124,0,26
Forte,China Plants,January,0,0,,0,0,0,0,0,0,0,1997
K3,China Plants,January,0,0,,0,0,0,0,0,0,0,811
K5 / Optima,China Plants,January,0,0,,0,0,0,0,0,0,0,194
KX1,China Plants,January,0,0,,0,0,0,0,0,194,0,594
KX3,China Plants,January,0,0,,0,0,0,0,0,0,0,970
Zhipao,China Plants,January,0,0,,0,0,0,0,0,0,0,1315
Sportage(KX5),China Plants,January,0,0,,0,0,0,0,0,0,0,252
KX7,China Plants,January,0,0,,0,0,0,0,0,0,0,0
Carnival,China Plants,January,0,0,,0,0,0,0,0,0,0,44
Sonet,China Plants,January,0,0,,0,0,0,0,0,0,0,0
Seltos,China Plants,January,0,0,,0,0,0,0,0,0,0,0
Sonet,India Plants,January,0,0,,0,0,883,644,353,195,6592,0
Seltos,India Plants,January,0,0,1679,0,0,954,307,441,114,6872,0
Carens MPV,India Plants,January,0,0,,0,0,314,137,49,54,5582,0
Carnival (CKD),India Plants,January,0,0,,0,0,0,0,0,0,525,0
Morning / Picanto,CKD (excl. Russia),January,124,0,0,,0,0,0,104,0,20,0
Pegas,CKD (excl. Russia),January,25,0,0,,0,0,0,0,0,25,0
K3,CKD (excl. Russia),January,59,0,0,,0,0,0,0,0,59,0
K5 / Optima,CKD (excl. Russia),January,19,0,0,,0,0,0,0,0,19,0
"K7, K8 / Cadenza",CKD (excl. Russia),January,0,0,0,,0,0,0,0,0,0,0
Sonet,CKD (excl. Russia),January,1557,0,0,,0,0,201,0,0,1356,0
Stonic,CKD (excl. Russia),January,134,0,0,,0,0,0,134,0,0,0
Seltos,CKD (excl. Russia),January,404,0,0,,0,0,0,0,0,404,0
Niro,CKD (excl. Russia),January,0,0,0,,0,0,0,0,0,0,0
EV6,CKD (excl. Russia),January,0,0,0,,0,0,0,0,0,0,0
Sportage,CKD (excl. Russia),January,574,0,0,,0,0,0,345,0,229,0
Sorento,CKD (excl. Russia),January,131,0,0,,0,0,0,97,0,34,0
New Carens,CKD (excl. Russia),January,0,0,0,,0,0,0,0,0,0,0
Carens MPV,CKD (excl. Russia),January,160,0,0,,0,0,0,0,0,160,0
Carnival / Sedona,CKD (excl. Russia),January,357,0,0,,0,0,0,0,0,357,0
Bongo / Frontier,CKD (excl. Russia),January,572,0,0,,0,0,247,0,0,325,0
Bongo,Special Vehicle,January,8,0,0,,0,0,2,0,0,6,0
Millitary,Special Vehicle,January,0,0,0,,0,0,0,0,0,0,0
Bongo (CKD),Special Vehicle,January,82,0,0,,0,82,0,0,0,0,0
Millitary (CKD),Special Vehicle,January,0,0,0,,0,0,0,0,0,0,0
Bus (CKD),Special Vehicle,January,0,0,0,,0,0,0,0,0,0,0
Morning / Picanto,Korean Plant,Febuary,0,0,0,3962,458,1688,741,1152,594,0,0
Pride / Rio,Korean Plant,Febuary,0,0,0,2218,48,54,316,855,552,0,0
K3,Korean Plant,Febuary,0,83,29,0,164,2,306,5,442,0,0
K5 / Optima,Korean Plant,Febuary,0,0,0,0,360,8,911,3,0,0,0
Stinger,Korean Plant,Febuary,622,102,6,118,19,2,7,0,248,0,0
"K7,8 / Cadenza",Korean Plant,Febuary,0,0,0,0,26,0,82,0,0,0,0
K9,Korean Plant,Febuary,0,0,0,0,28,0,0,0,0,0,0
Stonic,Korean Plant,Febuary,0,0,0,4888,614,238,344,134,806,0,0
Seltos,Korean Plant,Febuary,3744,1977,0,0,210,327,650,0,641,0,0
Soul,Korean Plant,Febuary,5233,309,258,0,114,222,5,0,2,0,0
Soul EV,Korean Plant,Febuary,0,22,0,116,0,0,0,0,2,0,0
Niro,Korean Plant,Febuary,2404,2,113,2326,10,28,116,48,169,0,0
Niro EV,Korean Plant,Febuary,974,0,0,2211,9,6,16,19,138,0,0
Niro Plus,Korean Plant,Febuary,0,0,0,0,0,0,536,7,67,0,0
Niro Plus EV,Korean Plant,Febuary,0,0,0,0,0,0,8,4,24,0,0
EV6,Korean Plant,Febuary,1294,112,0,2223,4,0,22,16,289,20,0
EV9,Korean Plant,Febuary,0,0,0,0,0,0,0,0,0,0,0
Sportage,Korean Plant,Febuary,3038,1004,,0,1412,891,0,0,1358,0,0
Sorento,Korean Plant,Febuary,1618,56,,1074,662,179,969,121,1208,0,0
Mohave / Borrego,Korean Plant,Febuary,0,0,,0,14,0,0,0,0,0,0
Carnival / Sedona,Korean Plant,Febuary,2460,636,,0,178,207,214,32,1568,0,0
Bongo / Frontier,Korean Plant,Febuary,0,0,,0,119,567,1099,295,248,0,0
Bus,Korean Plant,Febuary,0,0,,0,0,0,0,0,0,0,0
Cee'd,Slovakia Plant,Febuary,0,0,,6606,479,0,57,19,18,0,0
Cee'd CUV,Slovakia Plant,Febuary,0,0,,3502,112,14,0,16,0,0,0
Sportage,Slovakia Plant,Febuary,0,0,,10191,481,436,2022,543,0,0,0
Pride / Rio (SC),Mexico Plant,Febuary,2385,284,4346,0,0,871,13,38,0,0,0
K3,Mexico Plant,Febuary,10445,836,762,0,0,113,0,0,0,0,0
Pride / Rio (FB),Russia Plant(incl. CKD Sales),Febuary,0,0,,0,153,0,0,0,0,0,0
K3 (CKD),Russia Plant(incl. CKD Sales),Febuary,0,0,,0,141,0,0,0,0,0,0
Soul (CKD),Russia Plant(incl. CKD Sales),Febuary,0,0,,0,37,0,0,0,0,0,0
Seltos (CKD),Russia Plant(incl. CKD Sales),Febuary,0,0,,0,128,0,0,0,0,0,0
Sorento (CKD),Russia Plant(incl. CKD Sales),Febuary,0,0,,0,0,0,0,0,0,0,0
Optima / K5,US Plant,Febuary,5146,89,,0,0,0,0,0,0,0,0
Sportage,US Plant,Febuary,7079,0,,0,0,0,0,0,0,0,0
Sorento,US Plant,Febuary,5394,584,215,0,0,27,0,0,0,0,0
Telluride,US Plant,Febuary,9023,430,,0,0,10,191,0,0,0,0
Pegas,China Plants,Febuary,0,0,,0,0,1740,1052,179,155,0,54
Forte,China Plants,Febuary,0,0,,0,0,0,0,0,0,0,2000
K3,China Plants,Febuary,0,0,,0,0,0,0,0,0,0,775
K5 / Optima,China Plants,Febuary,0,0,,0,0,0,0,0,0,0,180
KX1,China Plants,Febuary,0,0,,0,0,0,0,0,206,0,783
KX3,China Plants,Febuary,0,0,,0,0,0,0,0,0,0,910
Zhipao,China Plants,Febuary,0,0,,0,0,0,0,0,0,0,1296
Sportage(KX5),China Plants,Febuary,0,0,,0,0,0,0,0,0,0,372
KX7,China Plants,Febuary,0,0,,0,0,0,0,0,0,0,0
Carnival,China Plants,Febuary,0,0,,0,0,0,0,0,0,0,53
Sonet,China Plants,Febuary,0,0,,0,0,0,0,0,0,0,0
Seltos,China Plants,Febuary,0,0,,0,0,0,0,0,0,0,0
Sonet,India Plants,Febuary,0,0,,0,0,728,1203,473,193,8575,0
Seltos,India Plants,Febuary,0,0,1612,0,0,1178,125,499,103,6727,0
Carens MPV,India Plants,Febuary,0,0,,0,0,241,274,39,51,5829,0
Carnival (CKD),India Plants,Febuary,0,0,,0,0,0,0,0,0,457,0
Morning / Picanto,CKD (excl. Russia),Febuary,0,0,,0,0,0,162,0,274,0,0
Pegas,CKD (excl. Russia),Febuary,0,0,,0,0,0,0,0,100,0,0
K3,CKD (excl. Russia),Febuary,0,0,,0,0,0,0,0,141,0,0
K5 / Optima,CKD (excl. Russia),Febuary,0,0,,0,0,0,0,0,80,0,0
"K7, K8 / Cadenza",CKD (excl. Russia),Febuary,0,0,,0,0,0,0,0,0,0,0
Sonet,CKD (excl. Russia),Febuary,0,0,,0,0,204,0,0,868,0,0
Stonic,CKD (excl. Russia),Febuary,0,0,,0,0,0,54,0,0,0,0
Seltos,CKD (excl. Russia),Febuary,0,0,,0,0,0,0,0,523,0,0
Niro,CKD (excl. Russia),Febuary,0,0,,0,0,0,0,0,0,0,0
EV6,CKD (excl. Russia),Febuary,0,0,,0,0,0,0,0,0,0,0
Sportage,CKD (excl. Russia),Febuary,0,0,,0,31,0,414,0,285,0,0
Sorento,CKD (excl. Russia),Febuary,0,0,,0,0,0,70,0,117,0,0
New Carens,CKD (excl. Russia),Febuary,0,0,,0,0,0,0,0,0,0,0
Carens MPV,CKD (excl. Russia),Febuary,0,0,,0,0,0,0,0,57,0,0
Carnival / Sedona,CKD (excl. Russia),Febuary,0,0,,0,0,0,0,0,438,0,0
Bongo / Frontier,CKD (excl. Russia),Febuary,0,0,,0,0,234,0,0,607,0,0
Bongo,Special Vehicle,Febuary,0,0,,0,0,0,0,2,7,0,0
Millitary,Special Vehicle,Febuary,0,0,,0,0,0,0,0,0,0,0
Bongo (CKD),Special Vehicle,Febuary,0,0,,0,72,0,0,0,18,0,0
Millitary (CKD),Special Vehicle,Febuary,0,0,,0,0,0,0,0,0,0,0
Bus (CKD),Special Vehicle,Febuary,0,0,,0,0,0,0,0,33,0,0
Morning / Picanto,Korean Plant,March,0,0,0,7411,570,1903,1405,462,798,0,0
Pride / Rio,Korean Plant,March,0,0,0,3569,175,61,379,546,490,0,0
K3,Korean Plant,March,0,54,47,0,169,5,482,17,445,0,0
K5 / Optima,Korean Plant,March,0,0,0,0,307,5,831,3,0,0,0
Stinger,Korean Plant,March,958,148,10,138,45,1,11,0,304,0,0
"K7,8 / Cadenza",Korean Plant,March,0,0,0,0,30,0,75,0,0,0,0
K9,Korean Plant,March,0,0,0,0,23,0,0,0,0,0,0
Stonic,Korean Plant,March,0,0,0,6619,436,212,295,105,891,0,0
Seltos,Korean Plant,March,6156,2295,0,0,105,230,1001,0,1217,0,0
Soul,Korean Plant,March,6907,213,227,0,276,107,0,0,1,0,0
Soul EV,Korean Plant,March,0,43,0,248,0,1,1,0,1,0,0
Niro,Korean Plant,March,2120,77,119,3740,18,66,231,39,178,0,0
Niro EV,Korean Plant,March,616,89,0,3633,37,9,37,10,122,0,0
Niro Plus,Korean Plant,March,0,0,0,0,0,0,784,4,65,0,0
Niro Plus EV,Korean Plant,March,0,0,0,0,0,0,1,0,33,0,0
EV6,Korean Plant,March,988,180,0,4070,15,19,17,17,415,35,0
EV9,Korean Plant,March,0,0,0,0,0,0,0,0,0,0,0
Sportage,Korean Plant,March,4654,1482,158,0,1674,679,0,0,1238,0,0
Sorento,Korean Plant,March,1877,166,0,1593,829,265,1044,138,1293,0,0
Mohave / Borrego,Korean Plant,March,0,0,,0,11,0,0,0,0,0,0
Carnival / Sedona,Korean Plant,March,3009,829,,0,223,153,250,38,1448,0,0
Bongo / Frontier,Korean Plant,March,0,0,,0,185,642,1019,289,372,0,0
Bus,Korean Plant,March,0,0,,0,0,0,0,0,0,0,0
Cee'd,Slovakia Plant,March,0,0,,8380,277,4,75,11,54,0,0
Cee'd CUV,Slovakia Plant,March,0,0,,5444,178,15,0,40,0,0,0
Sportage,Slovakia Plant,March,0,0,,18217,479,381,1308,425,0,0,0
Pride / Rio (SC),Mexico Plant,March,2439,421,4716,0,0,1043,8,73,3,0,0
K3,Mexico Plant,March,11891,1278,845,0,0,115,0,0,4,0,0
Pride / Rio (FB),Russia Plant(incl. CKD Sales),March,0,0,,0,111,0,0,0,0,0,0
K3 (CKD),Russia Plant(incl. CKD Sales),March,0,0,,0,123,0,0,0,0,0,0
Soul (CKD),Russia Plant(incl. CKD Sales),March,0,0,,0,27,0,0,0,0,0,0
Seltos (CKD),Russia Plant(incl. CKD Sales),March,0,0,,0,94,0,0,0,0,0,0
Sorento (CKD),Russia Plant(incl. CKD Sales),March,0,0,,0,0,0,0,0,0,0,0
Optima / K5,US Plant,March,5774,122,0,0,0,0,0,0,0,0,0
Sportage,US Plant,March,8311,0,4,0,0,39,0,0,0,0,0
Sorento,US Plant,March,5009,817,238,0,0,20,0,0,0,0,0
Telluride,US Plant,March,10585,496,0,0,0,6,86,0,4,0,0
Pegas,China Plants,March,0,0,,0,0,1468,2052,236,142,0,102
Forte,China Plants,March,0,0,,0,0,0,0,0,0,0,1689
K3,China Plants,March,0,0,,0,0,0,0,0,0,0,533
K5 / Optima,China Plants,March,0,0,,0,0,0,0,0,0,0,237
KX1,China Plants,March,0,0,,0,0,0,0,0,213,0,758
KX3,China Plants,March,0,0,,0,0,0,0,0,0,0,890
Zhipao,China Plants,March,0,0,,0,0,0,0,0,0,0,1202
Sportage(KX5),China Plants,March,0,0,,0,0,0,0,0,0,0,628
KX7,China Plants,March,0,0,,0,0,0,0,0,0,0,0
Carnival,China Plants,March,0,0,,0,0,0,0,0,0,0,87
Sonet,China Plants,March,0,0,,0,0,0,0,0,0,0,0
Seltos,China Plants,March,0,0,,0,0,0,0,0,0,0,0
Sonet,India Plants,March,0,0,,0,0,669,633,348,180,7590,0
Seltos,India Plants,March,0,0,1937,0,0,1492,399,733,164,7641,0
Carens MPV,India Plants,March,0,0,,0,0,313,100,37,74,5484,0
Carnival (CKD),India Plants,March,0,0,,0,0,0,0,0,0,527,0
Morning / Picanto,CKD (excl. Russia),March,0,0,,0,0,0,221,0,101,0,0
Pegas,CKD (excl. Russia),March,0,0,,0,0,0,0,0,163,0,0
K3,CKD (excl. Russia),March,0,0,,0,0,0,0,0,378,0,0
K5 / Optima,CKD (excl. Russia),March,0,0,,0,0,0,0,0,66,0,0
"K7, K8 / Cadenza",CKD (excl. Russia),March,0,0,,0,0,0,0,0,0,0,0
Sonet,CKD (excl. Russia),March,0,0,,0,0,162,0,0,536,0,0
Stonic,CKD (excl. Russia),March,0,0,,0,0,0,130,0,0,0,0
Seltos,CKD (excl. Russia),March,0,0,,0,0,0,0,0,359,0,0
Niro,CKD (excl. Russia),March,0,0,,0,0,0,0,0,0,0,0
EV6,CKD (excl. Russia),March,0,0,,0,0,0,0,0,0,0,0
Sportage,CKD (excl. Russia),March,0,0,,0,150,0,358,0,230,0,0
Sorento,CKD (excl. Russia),March,0,0,,0,0,0,41,0,174,0,0
New Carens,CKD (excl. Russia),March,0,0,,0,0,0,0,0,1,0,0
Carens MPV,CKD (excl. Russia),March,0,0,,0,0,0,0,0,251,0,0
Carnival / Sedona,CKD (excl. Russia),March,0,0,,0,0,0,0,0,793,0,0
Bongo / Frontier,CKD (excl. Russia),March,0,0,,0,0,277,0,0,558,0,0
Bongo,Special Vehicle,March,0,0,,0,59,9,0,2,6,0,0
Millitary,Special Vehicle,March,0,0,,0,0,21,0,0,0,0,0
Bongo (CKD),Special Vehicle,March,0,0,,0,62,0,0,0,60,0,0
Millitary (CKD),Special Vehicle,March,0,0,,0,0,0,0,0,0,0,0
Bus (CKD),Special Vehicle,March,0,0,,0,0,0,0,0,68,0,0
Morning / Picanto,Korean Plant,April,0,0,0,6529,399,1832,889,1005,734,0,0
Pride / Rio,Korean Plant,April,0,0,0,2966,155,113,49,971,499,0,0
K3,Korean Plant,April,0,45,62,0,252,16,392,1,548,0,0
K5 / Optima,Korean Plant,April,0,0,0,0,413,4,807,2,0,0,0
Stinger,Korean Plant,April,963,72,2,97,151,0,11,0,243,0,0
"K7,8 / Cadenza",Korean Plant,April,0,0,0,0,20,0,134,0,0,0,0
K9,Korean Plant,April,0,0,0,0,12,0,0,0,0,0,0
Stonic,Korean Plant,April,0,0,0,5884,653,373,143,150,892,0,0
Seltos,Korean Plant,April,5428,2170,0,0,123,142,968,0,1197,0,0
Soul,Korean Plant,April,6590,149,183,0,53,62,3,0,2,0,0
Soul EV,Korean Plant,April,0,70,0,102,0,0,0,1,0,0,0
Niro,Korean Plant,April,2175,192,122,2999,15,108,113,40,228,0,0
Niro EV,Korean Plant,April,824,354,0,2906,14,6,27,9,101,0,0
Niro Plus,Korean Plant,April,0,0,0,0,0,0,516,8,55,0,0
Niro Plus EV,Korean Plant,April,0,0,0,0,0,0,23,0,16,0,0
EV6,Korean Plant,April,1241,139,0,2659,25,10,19,22,357,79,0
EV9,Korean Plant,April,0,0,0,0,0,0,0,0,0,0,0
Sportage,Korean Plant,April,6737,1438,666,0,1680,577,0,0,1258,0,0
Sorento,Korean Plant,April,2418,192,0,1112,694,164,791,111,1034,0,0
Mohave / Borrego,Korean Plant,April,0,0,,0,91,0,0,0,0,0,0
Carnival / Sedona,Korean Plant,April,3029,540,,0,404,99,287,23,1411,0,0
Bongo / Frontier,Korean Plant,April,0,0,,0,79,607,1305,185,338,0,0
Bus,Korean Plant,April,0,0,,0,0,0,0,0,0,0,0
Cee'd,Slovakia Plant,April,0,0,,7534,353,0,25,93,15,0,0
Cee'd CUV,Slovakia Plant,April,0,0,,3743,155,4,0,46,0,0,0
Sportage,Slovakia Plant,April,0,0,,13539,726,431,1883,700,0,0,0
Pride / Rio (SC),Mexico Plant,April,2792,340,4004,0,0,756,76,77,3,0,0
K3,Mexico Plant,April,11182,801,774,0,0,117,0,0,2,0,0
Pride / Rio (FB),Russia Plant(incl. CKD Sales),April,0,0,,0,30,0,0,0,0,0,0
K3 (CKD),Russia Plant(incl. CKD Sales),April,0,0,,0,94,0,0,0,0,0,0
Soul (CKD),Russia Plant(incl. CKD Sales),April,0,0,,0,57,0,0,0,0,0,0
Seltos (CKD),Russia Plant(incl. CKD Sales),April,0,0,,0,76,0,0,0,0,0,0
Sorento (CKD),Russia Plant(incl. CKD Sales),April,0,0,,0,0,0,0,0,0,0,0
Optima / K5,US Plant,April,5035,83,0,0,0,16,0,0,0,0,0
Sportage,US Plant,April,6689,0,0,0,0,46,0,0,0,0,0
Sorento,US Plant,April,4547,279,279,0,0,35,0,0,0,0,0
Telluride,US Plant,April,8555,500,0,0,0,4,125,0,4,0,0
Pegas,China Plants,April,0,0,,0,0,2699,1706,104,214,0,222
Forte,China Plants,April,0,0,,0,0,0,0,0,0,0,2685
K3,China Plants,April,0,0,,0,0,0,0,0,0,0,420
K5 / Optima,China Plants,April,0,0,,0,0,0,0,0,0,0,552
KX1,China Plants,April,0,0,,0,0,0,0,0,189,0,710
KX3,China Plants,April,0,0,,0,0,0,0,0,0,0,1041
Zhipao,China Plants,April,0,0,,0,0,0,0,0,0,0,939
Sportage(KX5),China Plants,April,0,0,,0,0,0,0,0,0,0,791
KX7,China Plants,April,0,0,,0,0,0,0,0,0,0,0
Carnival,China Plants,April,0,0,,0,0,0,0,0,0,0,149
Sonet,China Plants,April,0,0,,0,0,0,0,0,0,0,0
Seltos,China Plants,April,0,0,,0,0,0,0,0,0,0,0
Sonet,India Plants,April,0,0,,0,0,622,661,397,179,8792,0
Seltos,India Plants,April,0,0,1518,0,0,1064,825,517,183,6318,0
Carens MPV,India Plants,April,0,0,,0,0,243,207,49,75,5949,0
Carnival (CKD),India Plants,April,0,0,,0,0,0,0,0,0,176,0
Morning / Picanto,CKD (excl. Russia),April,0,0,,0,0,0,251,0,51,0,0
Pegas,CKD (excl. Russia),April,0,0,,0,0,0,0,0,34,0,0
K3,CKD (excl. Russia),April,0,0,,0,0,0,0,0,319,0,0
K5 / Optima,CKD (excl. Russia),April,0,0,,0,0,0,0,0,71,0,0
"K7, K8 / Cadenza",CKD (excl. Russia),April,0,0,,0,0,0,0,0,0,0,0
Sonet,CKD (excl. Russia),April,0,0,,0,0,198,0,0,341,0,0
Stonic,CKD (excl. Russia),April,0,0,,0,0,0,73,0,0,0,0
Seltos,CKD (excl. Russia),April,0,0,,0,0,0,0,0,392,0,0
Niro,CKD (excl. Russia),April,0,0,,0,0,0,0,0,0,0,0
EV6,CKD (excl. Russia),April,0,0,,0,0,0,0,0,0,0,0
Sportage,CKD (excl. Russia),April,0,0,,0,300,0,190,0,171,0,0
Sorento,CKD (excl. Russia),April,0,0,,0,0,0,22,0,67,0,0
New Carens,CKD (excl. Russia),April,0,0,,0,0,0,0,0,0,0,0
Carens MPV,CKD (excl. Russia),April,0,0,,0,0,0,0,0,211,0,0
Carnival / Sedona,CKD (excl. Russia),April,0,0,,0,0,0,0,0,770,0,0
Bongo / Frontier,CKD (excl. Russia),April,0,0,,0,0,219,0,0,693,0,0
Bongo,Special Vehicle,April,0,0,,0,51,44,0,4,3,0,0
Millitary,Special Vehicle,April,0,0,,0,0,0,0,100,0,0,0
Bongo (CKD),Special Vehicle,April,0,0,,0,50,0,0,0,0,0,0
Millitary (CKD),Special Vehicle,April,0,0,,0,0,0,0,0,0,0,0
Bus (CKD),Special Vehicle,April,0,0,,0,0,0,0,0,60,0,0
Morning / Picanto,Korean Plant,May,0,0,0,7607,605,2187,1064,1050,770,0,0
Pride / Rio,Korean Plant,May,0,0,0,2851,258,63,471,444,591,0,0
K3,Korean Plant,May,0,20,110,0,266,6,862,7,580,0,0
K5 / Optima,Korean Plant,May,0,0,0,0,478,12,755,3,0,0,0
Stinger,Korean Plant,May,903,98,3,130,48,0,14,0,341,0,0
"K7,8 / Cadenza",Korean Plant,May,0,0,0,0,5,0,138,0,5,0,0
K9,Korean Plant,May,0,0,0,0,8,0,0,0,0,0,0
Stonic,Korean Plant,May,0,0,0,5723,817,329,399,132,976,0,0
Seltos,Korean Plant,May,7449,1477,0,0,338,436,235,0,1173,0,0
Soul,Korean Plant,May,5971,118,176,0,86,116,9,0,10,0,0
Soul EV,Korean Plant,May,0,37,0,122,0,0,0,0,2,0,0
Niro,Korean Plant,May,2402,132,172,2752,7,52,156,20,149,0,0
Niro EV,Korean Plant,May,932,314,0,2655,34,5,27,11,127,0,0
Niro Plus,Korean Plant,May,0,0,0,0,0,0,629,10,53,0,0
Niro Plus EV,Korean Plant,May,0,0,0,0,0,0,19,1,2,0,0
EV6,Korean Plant,May,2237,183,0,2865,20,16,68,20,316,48,0
EV9,Korean Plant,May,0,0,0,0,0,0,0,0,0,0,0
Sportage,Korean Plant,May,5208,1792,851,0,1067,875,0,0,1472,0,0
Sorento,Korean Plant,May,2545,109,0,1092,1004,262,1443,92,902,0,0
Mohave / Borrego,Korean Plant,May,0,0,0,0,47,0,0,0,0,0,0
Carnival / Sedona,Korean Plant,May,3231,656,0,0,210,150,255,45,1622,0,0
Bongo / Frontier,Korean Plant,May,0,0,,0,147,820,828,274,349,0,0
Bus,Korean Plant,May,0,0,,0,0,0,0,0,0,0,0
Cee'd,Slovakia Plant,May,0,0,,7966,266,1,71,29,40,0,0
Cee'd CUV,Slovakia Plant,May,0,0,,3905,125,0,0,115,0,0,0
Sportage,Slovakia Plant,May,0,0,,13850,523,488,1908,928,0,0,0
Pride / Rio (SC),Mexico Plant,May,2216,496,4176,0,0,903,257,98,4,0,0
K3,Mexico Plant,May,10023,922,870,0,0,118,0,0,4,0,0
Pride / Rio (FB),Russia Plant(incl. CKD Sales),May,0,0,,0,51,0,0,0,0,0,0
K3 (CKD),Russia Plant(incl. CKD Sales),May,0,0,,0,33,0,0,0,0,0,0
Soul (CKD),Russia Plant(incl. CKD Sales),May,0,0,,0,36,0,0,0,0,0,0
Seltos (CKD),Russia Plant(incl. CKD Sales),May,0,0,,0,62,0,0,0,0,0,0
Sorento (CKD),Russia Plant(incl. CKD Sales),May,,,,,,,,,,,
Optima / K5,US Plant,May,5502,88,,0,0,15,0,0,0,0,0
Sportage,US Plant,May,7654,0,,0,0,53,0,0,0,0,0
Sorento,US Plant,May,5219,378,168,0,0,14,0,0,0,0,0
Telluride,US Plant,May,10005,473,,0,0,1,142,0,4,0,0
Pegas,China Plants,May,0,0,,0,0,1883,1329,79,144,0,103
Forte,China Plants,May,,,,0,0,0,,,,0,2361
K3,China Plants,May,0,0,,0,0,0,0,0,0,0,426
K5 / Optima,China Plants,May,0,0,,0,0,0,0,0,0,0,383
KX1,China Plants,May,0,0,,0,0,0,0,0,215,0,773
KX3,China Plants,May,,,,0,0,0,,,,0,985
Zhipao,China Plants,May,,,,0,0,0,,,,0,1093
Sportage(KX5),China Plants,May,0,0,,0,0,0,0,0,0,0,898
KX7,China Plants,May,,,,0,0,0,,,,0,0
Carnival,China Plants,May,,,,0,0,0,,,,0,123
Sonet,China Plants,May,,,,,,,,,,,
Seltos,China Plants,May,,,,,,,,,,,
Sonet,India Plants,May,0,0,,0,0,853,532,279,191,6734,0
Seltos,India Plants,May,0,0,1277,0,0,1019,625,659,130,4251,0
Carens MPV,India Plants,May,0,0,,0,2,279,255,58,56,5805,0
Carnival (CKD),India Plants,May,0,0,,0,0,0,0,0,0,4,0
Morning / Picanto,CKD (excl. Russia),May,0,0,,0,0,0,156,0,208,0,0
Pegas,CKD (excl. Russia),May,0,0,,0,0,0,0,0,80,0,0
K3,CKD (excl. Russia),May,0,0,,0,20,0,0,0,52,0,0
K5 / Optima,CKD (excl. Russia),May,0,0,,0,0,0,0,0,20,0,0
"K7, K8 / Cadenza",CKD (excl. Russia),May,0,0,,0,0,0,0,0,0,0,0
Sonet,CKD (excl. Russia),May,0,0,,0,0,240,0,0,300,0,0
Stonic,CKD (excl. Russia),May,0,0,,0,0,0,83,0,0,0,0
Seltos,CKD (excl. Russia),May,0,0,,0,0,0,0,0,586,0,0
Niro,CKD (excl. Russia),May,0,0,,0,0,0,0,0,0,0,0
EV6,CKD (excl. Russia),May,0,0,,0,0,0,0,0,0,0,0
Sportage,CKD (excl. Russia),May,0,0,,0,580,0,402,0,96,0,0
Sorento,CKD (excl. Russia),May,0,0,,0,0,0,19,0,78,0,0
New Carens,CKD (excl. Russia),May,0,0,,0,0,0,0,0,0,0,0
Carens MPV,CKD (excl. Russia),May,0,0,,0,0,0,0,0,412,0,0
Carnival / Sedona,CKD (excl. Russia),May,0,0,,0,0,0,0,0,603,0,0
Bongo / Frontier,CKD (excl. Russia),May,0,0,,0,0,191,0,0,329,0,0
Bongo,Special Vehicle,May,0,0,,0,107,3,0,6,7,0,0
Millitary,Special Vehicle,May,0,0,,0,0,0,0,110,0,0,0
Bongo (CKD),Special Vehicle,May,0,0,,0,80,0,0,0,20,0,0
Millitary (CKD),Special Vehicle,May,0,0,,0,0,0,0,0,0,0,0
Bus (CKD),Special Vehicle,May,0,0,,0,0,0,0,0,45,0,0
Morning / Picanto,Korean Plant,June,0,0,0,7453,396,2057,715,856,793,0,0
Pride / Rio,Korean Plant,June,0,0,0,3566,238,82,104,667,587,0,0
K3,Korean Plant,June,0,37,70,0,152,8,892,63,689,0,0
K5 / Optima,Korean Plant,June,0,0,0,0,705,13,1228,2,7,0,0
Stinger,Korean Plant,June,642,80,3,130,32,0,10,0,333,0,0
"K7,8 / Cadenza",Korean Plant,June,0,0,0,0,40,0,73,0,0,0,0
K9,Korean Plant,June,0,0,0,0,16,0,0,0,0,0,0
Stonic,Korean Plant,June,0,0,0,5818,829,245,518,201,1332,0,0
Seltos,Korean Plant,June,5652,1365,0,0,586,754,227,0,1732,0,0
Soul,Korean Plant,June,5202,191,198,0,109,179,5,0,6,0,0
Soul EV,Korean Plant,June,0,61,0,178,0,0,0,0,1,0,0
Niro,Korean Plant,June,2073,103,190,2579,4,51,190,75,481,0,0
Niro EV,Korean Plant,June,1092,479,0,3646,30,22,23,3,170,0,0
Niro Plus,Korean Plant,June,0,0,0,0,0,0,784,6,16,0,0
Niro Plus EV,Korean Plant,June,0,0,0,0,0,0,9,0,4,0,0
EV6,Korean Plant,June,1458,273,0,3865,20,11,35,30,345,46,0
EV9,Korean Plant,June,0,0,0,2,0,0,0,0,0,0,0
Sportage,Korean Plant,June,5856,1970,850,0,720,728,0,0,2004,0,0
Sorento,Korean Plant,June,2347,52,0,1561,728,183,1172,147,983,0,0
Mohave / Borrego,Korean Plant,June,0,0,0,0,82,0,0,0,0,0,0
Carnival / Sedona,Korean Plant,June,4431,523,,0,109,103,257,64,1766,0,0
Bongo / Frontier,Korean Plant,June,0,0,,0,152,968,1211,160,243,0,0
Bus,Korean Plant,June,0,0,,0,0,0,0,0,0,0,0
Cee'd,Slovakia Plant,June,0,0,,8069,300,0,38,19,11,0,0
Cee'd CUV,Slovakia Plant,June,0,0,,3503,136,12,0,210,0,0,0
Sportage,Slovakia Plant,June,0,0,,14266,889,378,2132,513,0,0,0
Pride / Rio (SC),Mexico Plant,June,2180,390,3967,0,0,755,90,12,0,0,0
K3,Mexico Plant,June,10330,1045,979,0,0,101,0,0,1,0,0
Pride / Rio (FB),Russia Plant(incl. CKD Sales),June,0,0,,0,30,0,0,0,0,0,0
K3 (CKD),Russia Plant(incl. CKD Sales),June,0,0,,0,33,0,0,0,0,0,0
Soul (CKD),Russia Plant(incl. CKD Sales),June,0,0,,0,30,0,0,0,0,0,0
Seltos (CKD),Russia Plant(incl. CKD Sales),June,0,0,,0,52,0,0,0,0,0,0
Sorento (CKD),Russia Plant(incl. CKD Sales),June,,,,,,,,,,,
Optima / K5,US Plant,June,6072,95,,0,0,19,0,0,0,0,0
Sportage,US Plant,June,8061,0,,0,0,8,0,0,0,0,0
Sorento,US Plant,June,5565,554,146,0,0,18,0,0,0,0,0
Telluride,US Plant,June,9534,575,,0,0,8,170,0,3,0,0
Pegas,China Plants,June,0,0,,0,0,2056,1517,175,96,0,209
Forte,China Plants,June,,,,0,0,0,,,,0,2530
K3,China Plants,June,0,0,,0,0,0,0,0,0,0,526
K5 / Optima,China Plants,June,0,0,,0,0,0,0,0,0,0,371
KX1,China Plants,June,0,0,,0,0,0,0,0,187,0,741
KX3,China Plants,June,,,,0,0,0,,,,0,948
Zhipao,China Plants,June,,,,0,0,0,,,,0,1109
Sportage(KX5),China Plants,June,0,0,,0,0,0,0,0,0,0,1004
KX7,China Plants,June,,,,0,0,0,,,,0,0
Carnival,China Plants,June,,,,0,0,0,,,,0,184
Sonet,China Plants,June,,,,,,,,,,,
Seltos,China Plants,June,,,,,,,,,,,
Sonet,India Plants,June,0,0,,0,0,837,589,680,114,7657,0
Seltos,India Plants,June,0,0,1602,0,0,910,624,345,111,5893,0
Carens MPV,India Plants,June,0,0,,0,0,246,245,93,52,7129,0
Carnival (CKD),India Plants,June,,,,,,,,,,,
Morning / Picanto,CKD (excl. Russia),June,0,0,,0,0,0,203,0,68,0,0
Pegas,CKD (excl. Russia),June,0,0,,0,0,0,0,0,69,0,0
K3,CKD (excl. Russia),June,0,0,,0,70,0,0,0,71,0,0
K5 / Optima,CKD (excl. Russia),June,0,0,,0,0,0,0,0,16,0,0
"K7, K8 / Cadenza",CKD (excl. Russia),June,0,0,,0,0,0,0,0,0,0,0
Sonet,CKD (excl. Russia),June,0,0,,0,0,294,0,0,188,0,0
Stonic,CKD (excl. Russia),June,0,0,,0,0,0,61,0,0,0,0
Seltos,CKD (excl. Russia),June,0,0,,0,0,0,0,0,425,0,0
Niro,CKD (excl. Russia),June,0,0,,0,0,0,0,0,0,0,0
EV6,CKD (excl. Russia),June,0,0,,0,0,0,0,0,0,0,0
Sportage,CKD (excl. Russia),June,0,0,,0,660,0,350,0,76,0,0
Sorento,CKD (excl. Russia),June,0,0,,0,0,0,17,0,59,0,0
New Carens,CKD (excl. Russia),June,0,0,,0,0,0,0,0,1,0,0
Carens MPV,CKD (excl. Russia),June,0,0,,0,0,0,0,0,298,0,0
Carnival / Sedona,CKD (excl. Russia),June,0,0,,0,0,0,0,0,461,0,0
Bongo / Frontier,CKD (excl. Russia),June,0,0,,0,0,254,0,0,822,0,0
Bongo,Special Vehicle,June,0,0,,0,57,4,2,0,6,0,0
Millitary,Special Vehicle,June,0,0,,0,0,0,0,30,0,0,0
Bongo (CKD),Special Vehicle,June,0,0,,0,14,0,0,0,17,0,0
Millitary (CKD),Special Vehicle,June,0,0,,0,0,0,0,0,0,0,0
Bus (CKD),Special Vehicle,June,0,0,,0,0,0,0,0,30,0,0
Morning / Picanto,Korean Plant,July,0,0,0,6979,449,1869,624,783,1000,0,0
Pride / Rio,Korean Plant,July,0,0,0,2961,93,68,144,838,712,0,0
K3,Korean Plant,July,0,81,100,0,122,12,391,319,345,0,0
K5 / Optima,Korean Plant,July,0,0,0,0,337,8,766,3,4,0,0
Stinger,Korean Plant,July,464,68,4,116,20,0,11,0,101,0,0
"K7,8 / Cadenza",Korean Plant,July,0,0,0,0,4,0,109,0,0,0,0
K9,Korean Plant,July,0,0,0,0,4,0,0,0,0,0,0
Stonic,Korean Plant,July,0,0,0,4674,471,210,271,152,858,0,0
Seltos,Korean Plant,July,5251,1251,0,0,508,554,189,0,878,0,0
Soul,Korean Plant,July,5123,203,260,0,41,204,0,0,16,0,0
Soul EV,Korean Plant,July,0,155,0,120,0,0,0,0,5,0,0
Niro,Korean Plant,July,1972,177,195,2024,1,89,122,67,237,0,0
Niro EV,Korean Plant,July,1140,670,0,3536,48,8,23,14,187,0,0
Niro Plus,Korean Plant,July,0,0,0,0,0,0,786,4,15,0,0
Niro Plus EV,Korean Plant,July,0,0,0,0,0,0,4,0,2,0,0
EV6,Korean Plant,July,1937,449,0,3300,2,16,17,21,403,29,0
EV9,Korean Plant,July,0,0,0,0,0,0,0,0,0,0,0
Sportage,Korean Plant,July,5493,1440,922,0,1238,662,0,0,1766,0,0
Sorento,Korean Plant,July,2450,41,0,1709,519,171,1600,87,578,0,0
Mohave / Borrego,Korean Plant,July,0,0,,0,112,0,0,0,0,0,0
Carnival / Sedona,Korean Plant,July,5285,670,,0,50,178,306,55,1605,0,0
Bongo / Frontier,Korean Plant,July,0,0,,0,210,780,1088,190,250,0,0
Bus,Korean Plant,July,0,0,,0,0,0,0,0,0,0,0
Cee'd,Slovakia Plant,July,0,0,,6903,259,0,82,19,3,0,0
Cee'd CUV,Slovakia Plant,July,0,0,,3624,134,18,0,109,0,0,0
Sportage,Slovakia Plant,July,0,0,,13163,873,606,1776,884,0,0,0
Pride / Rio (SC),Mexico Plant,July,2358,299,3905,0,0,872,234,144,0,0,0
K3,Mexico Plant,July,11004,830,820,0,0,88,0,0,8,0,0
Pride / Rio (FB),Russia Plant(incl. CKD Sales),July,0,0,,0,21,0,0,0,0,0,0
K3 (CKD),Russia Plant(incl. CKD Sales),July,0,0,,0,32,0,0,0,0,0,0
Soul (CKD),Russia Plant(incl. CKD Sales),July,0,0,,0,30,0,0,0,0,0,0
Seltos (CKD),Russia Plant(incl. CKD Sales),July,0,0,,0,38,0,0,0,0,0,0
Sorento (CKD),Russia Plant(incl. CKD Sales),July,0,0,,0,0,0,0,0,0,0,0
Optima / K5,US Plant,July,6215,47,0,0,0,15,0,0,0,0,0
Sportage,US Plant,July,6360,0,0,0,0,1,0,0,0,0,0
Sorento,US Plant,July,6119,535,191,0,0,16,0,0,0,0,0
Telluride,US Plant,July,9759,417,0,0,0,5,173,0,1,0,0
Pegas,China Plants,July,0,0,0,0,0,2104,2113,184,145,0,158
Forte,China Plants,July,,,0,0,0,0,,,,0,1956
K3,China Plants,July,0,0,0,0,0,0,0,0,0,0,409
K5 / Optima,China Plants,July,0,0,0,0,0,0,0,0,0,0,294
KX1,China Plants,July,0,0,0,0,0,0,0,0,174,0,611
KX3,China Plants,July,,,0,0,0,0,,,,0,959
Zhipao,China Plants,July,,,0,0,0,0,,,,0,707
Sportage(KX5),China Plants,July,0,0,0,0,0,0,0,0,0,0,1350
KX7,China Plants,July,,,0,0,0,0,,,,0,0
Carnival,China Plants,July,,,0,0,0,0,,,,0,267
Sonet,China Plants,July,,,,,,,,,,,
Seltos,China Plants,July,,,,,,,,,,,
Sonet,India Plants,July,0,0,0,0,0,1043,573,432,147,5185,0
Seltos,India Plants,July,0,0,1310,0,0,845,653,313,96,6261,0
Carens MPV,India Plants,July,0,0,0,0,0,442,311,62,46,5050,0
Carnival (CKD),India Plants,July,,,,,,,,,,,
Morning / Picanto,CKD (excl. Russia),July,0,0,0,0,0,0,196,0,130,0,0
Pegas,CKD (excl. Russia),July,0,0,0,0,0,0,0,0,77,0,0
K3,CKD (excl. Russia),July,0,0,0,0,95,0,0,0,97,0,0
K5 / Optima,CKD (excl. Russia),July,0,0,0,0,0,0,0,0,57,0,0
"K7, K8 / Cadenza",CKD (excl. Russia),July,0,0,0,0,0,0,0,0,0,0,0
Sonet,CKD (excl. Russia),July,0,0,0,0,0,359,0,0,796,0,0
Stonic,CKD (excl. Russia),July,0,0,0,0,0,0,31,0,0,0,0
Seltos,CKD (excl. Russia),July,0,0,0,0,0,0,0,0,498,0,0
Niro,CKD (excl. Russia),July,0,0,0,0,0,0,0,0,0,0,0
EV6,CKD (excl. Russia),July,0,0,0,0,0,0,0,0,0,0,0
Sportage,CKD (excl. Russia),July,0,0,0,0,735,0,200,0,238,0,0
Sorento,CKD (excl. Russia),July,0,0,0,0,0,0,14,0,114,0,0
New Carens,CKD (excl. Russia),July,0,0,0,0,0,0,0,0,0,0,0
Carens MPV,CKD (excl. Russia),July,0,0,0,0,0,0,0,0,294,0,0
Carnival / Sedona,CKD (excl. Russia),July,0,0,0,0,0,0,0,0,645,0,0
Bongo / Frontier,CKD (excl. Russia),July,0,0,0,0,0,73,0,0,696,0,0
Bongo,Special Vehicle,July,0,0,0,0,14,9,0,0,8,0,0
Millitary,Special Vehicle,July,0,0,0,0,0,0,0,0,0,0,0
Bongo (CKD),Special Vehicle,July,0,0,0,0,0,0,0,0,34,0,0
Millitary (CKD),Special Vehicle,July,0,0,0,0,0,0,50,0,0,0,0
Bus (CKD),Special Vehicle,July,0,0,0,0,0,0,0,0,30,0,0
Morning / Picanto,Korean Plant,August,0,0,0,5285,476,2643,884,1286,1075,0,0
Pride / Rio,Korean Plant,August,0,0,0,1581,22,53,83,214,374,0,0
K3,Korean Plant,August,0,40,78,0,187,15,405,15,549,0,0
K5 / Optima,Korean Plant,August,0,0,0,0,494,8,942,1,15,0,0
Stinger,Korean Plant,August,237,34,2,32,35,1,10,0,47,0,0
"K7,8 / Cadenza",Korean Plant,August,0,0,0,0,35,0,117,13,0,0,0
K9,Korean Plant,August,0,0,0,0,34,0,0,0,0,0,0
Stonic,Korean Plant,August,0,0,0,2667,625,164,321,121,508,0,0
Seltos,Korean Plant,August,4649,1888,0,0,619,381,260,0,1236,0,0
Soul,Korean Plant,August,4911,293,217,0,122,205,3,0,5,0,0
Soul EV,Korean Plant,August,0,137,0,264,0,0,0,0,3,0,0
Niro,Korean Plant,August,2275,80,145,1880,0,70,256,62,181,0,0
Niro EV,Korean Plant,August,1621,705,0,3962,126,11,63,14,180,0,0
Niro Plus,Korean Plant,August,0,0,0,0,0,0,838,1,60,0,0
Niro Plus EV,Korean Plant,August,0,0,0,0,0,0,6,0,4,0,0
EV6,Korean Plant,August,2449,536,0,4010,14,6,16,16,399,30,3
EV9,Korean Plant,August,0,0,0,1,3,0,0,0,0,0,0
Sportage,Korean Plant,August,5049,1942,812,0,1079,743,0,0,1810,0,0
Sorento,Korean Plant,August,2528,10,0,1729,751,154,982,138,812,0,0
Mohave / Borrego,Korean Plant,August,0,0,0,0,182,0,0,0,0,0,0
Carnival / Sedona,Korean Plant,August,5428,876,0,0,145,122,332,26,1491,0,0
Bongo / Frontier,Korean Plant,August,0,0,0,0,308,941,1666,178,257,0,0
Bus,Korean Plant,August,0,0,0,0,0,0,0,0,0,0,0
Cee'd,Slovakia Plant,August,0,0,0,4989,285,0,31,29,33,0,0
Cee'd CUV,Slovakia Plant,August,0,0,0,2328,145,8,0,291,0,0,0
Sportage,Slovakia Plant,August,0,0,0,8383,664,488,2094,682,0,0,0
Pride / Rio (SC),Mexico Plant,August,2546,224,3851,0,0,1073,193,72,7,0,0
K3,Mexico Plant,August,11333,824,1077,0,0,187,0,0,1,0,0
Pride / Rio (FB),Russia Plant(incl. CKD Sales),August,0,0,0,0,70,0,0,0,0,0,0
K3 (CKD),Russia Plant(incl. CKD Sales),August,0,0,0,0,36,0,0,0,0,0,0
Soul (CKD),Russia Plant(incl. CKD Sales),August,0,0,0,0,60,0,0,0,0,0,0
Seltos (CKD),Russia Plant(incl. CKD Sales),August,0,0,0,0,123,0,0,0,0,0,0
Sorento (CKD),Russia Plant(incl. CKD Sales),August,0,0,0,0,0,0,0,0,0,0,0
Optima / K5,US Plant,August,6480,32,0,0,0,8,0,0,0,0,0
Sportage,US Plant,August,7231,0,0,0,0,1,0,0,0,0,0
Sorento,US Plant,August,5619,381,179,0,0,15,0,0,0,0,0
Telluride,US Plant,August,9791,360,0,0,0,13,121,0,3,0,0
Pegas,China Plants,August,0,0,0,0,0,1684,1137,40,146,0,160
Forte,China Plants,August,,,,0,0,,,,,0,2423
K3,China Plants,August,0,0,0,0,0,0,0,0,0,0,409
K5 / Optima,China Plants,August,0,0,0,0,0,0,0,0,0,0,206
KX1,China Plants,August,0,0,0,0,0,0,0,0,177,0,651
KX3,China Plants,August,,,,0,0,,,,,0,896
Zhipao,China Plants,August,,,,0,0,,,,,0,709
Sportage(KX5),China Plants,August,0,0,0,0,0,0,0,0,0,0,848
KX7,China Plants,August,,,,0,0,,,,,0,0
Carnival,China Plants,August,,,,0,0,,,,,0,205
Sonet,China Plants,August,0,0,0,0,0,0,0,0,0,0,0
Seltos,China Plants,August,0,0,661,0,0,159,0,0,0,0,0
Sonet,India Plants,August,0,0,0,0,0,1278,1112,934,173,5100,0
Seltos,India Plants,August,0,0,893,0,0,1015,1035,318,102,10296,0
Carens MPV,India Plants,August,0,0,0,0,0,346,316,66,79,4647,0
Carnival (CKD),India Plants,August,0,0,0,0,0,0,0,0,0,0,0
Morning / Picanto,CKD (excl. Russia),August,0,0,0,0,0,0,153,0,97,0,0
Pegas,CKD (excl. Russia),August,0,0,0,0,0,0,0,0,45,0,0
K3,CKD (excl. Russia),August,0,0,0,0,120,0,0,0,49,0,0
K5 / Optima,CKD (excl. Russia),August,0,0,0,0,0,0,0,0,6,0,0
"K7, K8 / Cadenza",CKD (excl. Russia),August,0,0,0,0,0,0,0,0,0,0,0
Sonet,CKD (excl. Russia),August,0,0,0,0,0,372,0,0,1008,0,0
Stonic,CKD (excl. Russia),August,0,0,0,0,0,0,82,0,0,0,0
Seltos,CKD (excl. Russia),August,0,0,0,0,0,0,0,0,592,0,0
Niro,CKD (excl. Russia),August,0,0,0,0,0,0,0,0,0,0,0
EV6,CKD (excl. Russia),August,0,0,0,0,0,0,0,0,0,0,0
Sportage,CKD (excl. Russia),August,0,0,0,0,336,0,263,0,38,0,0
Sorento,CKD (excl. Russia),August,0,0,0,0,0,0,36,0,59,0,0
New Carens,CKD (excl. Russia),August,0,0,0,0,0,0,0,0,0,0,0
Carens MPV,CKD (excl. Russia),August,0,0,0,0,0,0,0,0,337,0,0
Carnival / Sedona,CKD (excl. Russia),August,0,0,0,0,0,0,0,0,380,0,0
Bongo / Frontier,CKD (excl. Russia),August,0,0,0,0,0,238,0,0,309,0,0
Bongo,Special Vehicle,August,0,0,0,0,110,1,0,0,14,0,0
Millitary,Special Vehicle,August,0,0,0,0,0,0,0,0,0,0,0
Bongo (CKD),Special Vehicle,August,0,0,0,0,0,0,0,0,24,0,0
Millitary (CKD),Special Vehicle,August,0,0,0,0,0,0,0,0,0,0,0
Bus (CKD),Special Vehicle,August,0,0,0,0,0,0,0,0,44,0,0
Morning / Picanto,Korean Plant,September,0,0,0,6584,468,2167,806,810,1118,0,0
Pride / Rio,Korean Plant,September,0,0,0,1527,8,76,92,409,99,0,0
K3,Korean Plant,September,0,25,45,0,66,6,398,68,369,0,0
K5 / Optima,Korean Plant,September,0,0,0,0,685,9,986,5,10,0,0
Stinger,Korean Plant,September,117,20,4,33,11,0,8,0,49,0,0
"K7,8 / Cadenza",Korean Plant,September,0,0,0,0,41,0,141,1,1,0,0
K9,Korean Plant,September,0,0,0,0,20,0,0,0,0,0,0
Stonic,Korean Plant,September,0,0,0,4708,554,200,269,88,706,0,0
Seltos,Korean Plant,September,4736,1657,0,0,573,444,289,0,1078,0,0
Soul,Korean Plant,September,5290,394,205,0,42,206,4,0,3,0,0
Soul EV,Korean Plant,September,0,78,0,207,0,4,0,0,0,0,0
Niro,Korean Plant,September,1967,145,99,3522,9,86,138,45,162,0,0
Niro EV,Korean Plant,September,785,298,0,4705,41,8,44,16,212,0,0
Niro Plus,Korean Plant,September,0,0,0,0,0,0,795,0,41,0,0
Niro Plus EV,Korean Plant,September,0,0,0,0,0,0,3,2,1,0,0
EV6,Korean Plant,September,2084,213,0,3688,19,23,10,27,331,43,96
EV9,Korean Plant,September,0,0,0,1,0,0,2,0,0,0,0
Sportage,Korean Plant,September,4693,1920,603,0,948,795,0,0,2484,0,0
Sorento,Korean Plant,September,2224,1,0,2949,619,307,1389,139,1105,0,0
Mohave / Borrego,Korean Plant,September,0,0,0,0,2,0,0,0,0,0,0
Carnival / Sedona,Korean Plant,September,4638,383,0,0,121,142,252,13,1536,0,0
Bongo / Frontier,Korean Plant,September,0,0,0,0,264,1134,2030,213,220,0,0
Bus,Korean Plant,September,0,0,0,0,0,0,0,0,0,0,0
Cee'd,Slovakia Plant,September,0,0,0,8318,271,1,87,17,9,0,0
Cee'd CUV,Slovakia Plant,September,0,0,0,4482,117,18,0,385,0,0,0
Sportage,Slovakia Plant,September,0,0,0,16203,901,469,1806,759,0,0,0
Pride / Rio (SC),Mexico Plant,September,2096,492,3483,0,0,1250,225,196,12,0,0
K3,Mexico Plant,September,10737,1099,1109,0,0,194,0,0,10,0,0
Pride / Rio (FB),Russia Plant(incl. CKD Sales),September,0,0,0,0,50,0,0,0,0,0,0
K3 (CKD),Russia Plant(incl. CKD Sales),September,0,0,0,0,73,0,0,0,0,0,0
Soul (CKD),Russia Plant(incl. CKD Sales),September,0,0,0,0,146,0,0,0,0,0,0
Seltos (CKD),Russia Plant(incl. CKD Sales),September,0,0,0,0,251,0,0,0,0,0,0
Sorento (CKD),Russia Plant(incl. CKD Sales),September,,,,,,,,,,,
Optima / K5,US Plant,September,6002,88,0,0,0,27,0,0,0,0,0
Sportage,US Plant,September,6869,0,0,0,0,30,0,0,0,0,0
Sorento,US Plant,September,5879,454,153,0,0,28,0,0,0,0,0
Telluride,US Plant,September,9147,428,0,0,0,7,249,0,1,0,0
Pegas,China Plants,September,0,0,0,0,0,1573,1005,142,168,0,122
Forte,China Plants,September,,,,0,0,,,,,0,2416
K3,China Plants,September,0,0,0,0,0,0,0,0,0,0,720
K5 / Optima,China Plants,September,0,0,0,0,0,0,0,0,0,0,220
KX1,China Plants,September,0,0,0,0,0,0,0,0,142,0,634
KX3,China Plants,September,,,,0,0,,,,,0,761
Zhipao,China Plants,September,,,,0,0,,,,,0,756
Sportage(KX5),China Plants,September,0,0,0,0,0,0,0,0,0,0,1516
KX7,China Plants,September,,,,0,0,,,,,0,0
Carnival,China Plants,September,,,,0,0,,,,,0,290
Sonet,China Plants,September,0,0,0,0,0,0,0,0,0,0,0
Seltos,China Plants,September,0,0,1770,0,0,106,59,0,0,0,0
Sonet,India Plants,September,0,0,0,0,0,1167,1713,989,143,4743,0
Seltos,India Plants,September,0,0,299,0,0,785,1134,467,97,11184,0
Carens MPV,India Plants,September,0,0,0,0,0,439,463,71,91,4571,0
Carnival (CKD),India Plants,September,0,0,0,0,0,0,0,0,0,0,0
Morning / Picanto,CKD (excl. Russia),September,0,0,0,0,0,0,99,0,69,0,0
Pegas,CKD (excl. Russia),September,0,0,0,0,0,0,0,0,113,0,0
K3,CKD (excl. Russia),September,0,0,0,0,300,0,0,0,152,0,0
K5 / Optima,CKD (excl. Russia),September,0,0,0,0,0,0,0,0,24,0,0
"K7, K8 / Cadenza",CKD (excl. Russia),September,0,0,0,0,0,0,0,0,0,0,0
Sonet,CKD (excl. Russia),September,0,0,0,0,0,349,0,0,835,0,0
Stonic,CKD (excl. Russia),September,0,0,0,0,0,0,40,0,0,0,0
Seltos,CKD (excl. Russia),September,0,0,0,0,0,40,0,0,678,0,0
Niro,CKD (excl. Russia),September,0,0,0,0,0,0,0,0,0,0,0
EV6,CKD (excl. Russia),September,0,0,0,0,0,0,0,0,0,0,0
Sportage,CKD (excl. Russia),September,0,0,0,0,490,0,176,0,174,0,0
Sorento,CKD (excl. Russia),September,0,0,0,0,0,0,26,0,155,0,0
New Carens,CKD (excl. Russia),September,0,0,0,0,0,0,0,0,0,0,0
Carens MPV,CKD (excl. Russia),September,0,0,0,0,0,0,0,0,270,0,0
Carnival / Sedona,CKD (excl. Russia),September,0,0,0,0,0,0,0,0,706,0,0
Bongo / Frontier,CKD (excl. Russia),September,0,0,0,0,0,218,0,0,594,0,0
Bongo,Special Vehicle,September,0,0,0,0,180,1,0,0,5,0,0
Millitary,Special Vehicle,September,0,0,0,0,0,0,0,0,0,0,0
Bongo (CKD),Special Vehicle,September,0,0,0,0,0,0,0,0,0,0,0
Millitary (CKD),Special Vehicle,September,0,0,0,0,0,0,0,0,0,0,0
Bus (CKD),Special Vehicle,September,0,0,0,0,0,0,0,0,5,0,0
Morning / Picanto,Korean Plant,October,0,0,0,5035,355,2149,269,1201,897,0,0
Pride / Rio,Korean Plant,October,0,0,0,861,4,21,20,608,21,0,0
K3,Korean Plant,October,0,51,38,0,66,11,597,100,388,0,0
K5 / Optima,Korean Plant,October,0,0,0,0,539,10,866,20,0,0,0
Stinger,Korean Plant,October,49,13,0,26,8,0,13,0,23,0,0
"K7,8 / Cadenza",Korean Plant,October,0,0,0,0,31,0,119,1,0,0,0
K9,Korean Plant,October,0,0,0,0,16,0,0,0,0,0,0
Stonic,Korean Plant,October,0,0,0,4184,1133,132,126,130,691,0,0
Seltos,Korean Plant,October,4355,1938,0,0,287,364,85,0,819,0,0
Soul,Korean Plant,October,4192,391,204,0,24,172,0,0,1,0,0
Soul EV,Korean Plant,October,0,24,0,106,0,19,1,0,0,0,0
Niro,Korean Plant,October,1622,264,141,2330,32,128,118,46,377,0,0
Niro EV,Korean Plant,October,786,590,0,3677,62,7,26,18,127,0,0
Niro Plus,Korean Plant,October,0,0,0,0,0,0,214,1,40,0,0
Niro Plus EV,Korean Plant,October,0,0,0,0,0,0,5,0,9,0,0
EV6,Korean Plant,October,1542,330,0,2736,10,14,10,27,337,88,6
EV9,Korean Plant,October,0,0,0,731,0,0,5,1,61,0,0
Sportage,Korean Plant,October,4727,1993,726,0,1047,696,0,0,2082,0,0
Sorento,Korean Plant,October,1501,0,0,1992,338,170,497,138,769,0,0
Mohave / Borrego,Korean Plant,October,0,0,0,0,11,0,0,0,0,0,0
Carnival / Sedona,Korean Plant,October,3507,311,0,,42,116,241,23,1302,0,0
Bongo / Frontier,Korean Plant,October,0,0,0,0,236,971,2232,167,168,0,0
Bus,Korean Plant,October,0,0,0,0,0,0,0,0,0,0,0
Cee'd,Slovakia Plant,October,0,0,0,7191,495,4,6,21,1,0,0
Cee'd CUV,Slovakia Plant,October,0,0,0,3515,120,10,0,136,0,0,0
Sportage,Slovakia Plant,October,0,0,0,13957,568,441,1809,913,0,0,0
Pride / Rio (SC),Mexico Plant,October,2544,163,3449,0,0,1031,287,172,0,0,0
K3,Mexico Plant,October,9393,1049,930,0,0,127,0,0,0,0,0
Pride / Rio (FB),Russia Plant(incl. CKD Sales),October,0,0,0,0,18,0,0,0,0,0,0
K3 (CKD),Russia Plant(incl. CKD Sales),October,0,0,0,0,57,0,0,0,0,0,0
Soul (CKD),Russia Plant(incl. CKD Sales),October,0,0,0,0,188,0,0,0,0,0,0
Seltos (CKD),Russia Plant(incl. CKD Sales),October,0,0,0,0,435,0,0,0,0,0,0
Sorento (CKD),Russia Plant(incl. CKD Sales),October,,,,,,,,,,,
Optima / K5,US Plant,October,5200,51,0,0,0,19,0,0,0,0,0
Sportage,US Plant,October,6326,0,0,0,0,42,0,0,0,0,0
Sorento,US Plant,October,4887,336,186,0,0,27,0,0,0,0,0
Telluride,US Plant,October,8533,420,0,0,0,8,183,0,5,0,0
Pegas,China Plants,October,0,0,0,0,0,2190,3003,94,173,0,127
Forte,China Plants,October,,,,0,0,,,,,0,2604
K3,China Plants,October,0,0,0,0,0,0,0,0,0,0,425
K5 / Optima,China Plants,October,0,0,0,0,0,0,0,0,0,0,182
KX1,China Plants,October,0,0,0,0,0,0,0,0,134,0,814
KX3,China Plants,October,,,,0,0,,,,,0,1027
Zhipao,China Plants,October,,,,0,0,,,,,0,615
Sportage(KX5),China Plants,October,0,0,0,0,0,0,0,0,0,0,1167
KX7,China Plants,October,,,,0,0,,,,,0,0
Carnival,China Plants,October,,,,0,0,,,,,0,233
Sonet,China Plants,October,0,0,0,0,0,0,0,0,0,0,0
Seltos,China Plants,October,0,0,1852,0,0,521,319,0,29,0,0
Sonet,India Plants,October,0,0,0,0,2,1379,913,525,133,7086,0
Seltos,India Plants,October,0,0,80,0,0,494,777,340,109,12238,0
Carens MPV,India Plants,October,0,0,0,0,0,327,396,45,58,5440,0
Carnival (CKD),India Plants,October,,,,,,,,,,,
Morning / Picanto,CKD (excl. Russia),October,0,0,0,0,0,0,94,0,62,0,0
Pegas,CKD (excl. Russia),October,0,0,0,0,0,0,0,0,58,0,0
K3,CKD (excl. Russia),October,0,0,0,0,400,0,0,0,199,0,0
K5 / Optima,CKD (excl. Russia),October,0,0,0,0,0,0,0,0,36,0,0
"K7, K8 / Cadenza",CKD (excl. Russia),October,0,0,0,0,0,0,0,0,0,0,0
Sonet,CKD (excl. Russia),October,0,0,0,0,0,320,0,0,1064,0,0
Stonic,CKD (excl. Russia),October,0,0,0,0,0,0,34,0,0,0,0
Seltos,CKD (excl. Russia),October,0,0,0,0,0,20,0,0,907,0,0
Niro,CKD (excl. Russia),October,0,0,0,0,0,0,0,0,0,0,0
EV6,CKD (excl. Russia),October,0,0,0,0,0,0,0,0,0,0,0
Sportage,CKD (excl. Russia),October,0,0,0,0,300,0,140,0,72,0,0
Sorento,CKD (excl. Russia),October,0,0,0,0,0,0,29,0,86,0,0
New Carens,CKD (excl. Russia),October,0,0,0,0,0,0,0,0,0,0,0
Carens MPV,CKD (excl. Russia),October,0,0,0,0,0,0,0,0,461,0,0
Carnival / Sedona,CKD (excl. Russia),October,0,0,0,0,0,0,0,0,778,0,0
Bongo / Frontier,CKD (excl. Russia),October,0,0,0,0,0,267,0,0,580,0,0
Bongo,Special Vehicle,October,0,0,0,0,50,4,0,0,13,0,0
Millitary,Special Vehicle,October,0,0,0,0,0,0,0,0,0,0,0
Bongo (CKD),Special Vehicle,October,0,0,0,0,0,0,0,0,10,0,0
Millitary (CKD),Special Vehicle,October,0,0,0,0,0,0,1,10,0,0,0
Bus (CKD),Special Vehicle,October,0,0,0,0,0,0,0,0,2,0,0
Morning / Picanto,Korean Plant,November,0,0,0,3645,238,1662,663,876,671,0,0
Pride / Rio,Korean Plant,November,0,0,0,422,24,9,46,306,21,0,0
K3,Korean Plant,November,0,46,27,0,198,46,786,321,827,0,0
K5 / Optima,Korean Plant,November,0,0,0,0,738,28,848,8,12,0,0
Stinger,Korean Plant,November,20,4,2,13,7,1,12,0,12,0,0
"K7,8 / Cadenza",Korean Plant,November,0,0,0,0,50,0,91,0,3,0,0
K9,Korean Plant,November,0,0,0,0,21,0,0,0,0,0,0
Stonic,Korean Plant,November,0,0,0,4339,769,237,180,328,692,0,0
Seltos,Korean Plant,November,4214,1117,0,0,328,365,117,0,1079,0,0
Soul,Korean Plant,November,3601,152,148,0,27,203,0,0,3,0,0
Soul EV,Korean Plant,November,0,9,0,147,0,5,0,0,0,0,0
Niro,Korean Plant,November,1246,91,117,2818,6,141,96,58,225,0,0
Niro EV,Korean Plant,November,1120,470,0,3532,81,16,35,14,190,0,0
Niro Plus,Korean Plant,November,0,0,0,0,0,0,233,1,12,0,0
Niro Plus EV,Korean Plant,November,0,0,0,0,0,0,0,2,1,0,0
EV6,Korean Plant,November,1290,215,0,2383,10,26,13,27,432,50,6
EV9,Korean Plant,November,5,0,0,1197,0,5,5,0,112,0,0
Sportage,Korean Plant,November,4386,1363,662,0,608,576,0,0,1910,0,0
Sorento,Korean Plant,November,1519,1,0,1349,347,138,255,116,457,0,0
Mohave / Borrego,Korean Plant,November,0,0,0,0,7,0,0,0,0,0,0
Carnival / Sedona,Korean Plant,November,3404,393,0,0,52,99,202,10,994,0,0
Bongo / Frontier,Korean Plant,November,0,0,0,0,481,993,1836,151,353,0,0
Bus,Korean Plant,November,0,0,0,0,0,0,0,0,0,0,0
Cee'd,Slovakia Plant,November,0,0,0,7574,403,1,0,31,23,0,0
Cee'd CUV,Slovakia Plant,November,0,0,0,3177,188,22,0,128,0,0,0
Sportage,Slovakia Plant,November,0,0,0,13249,686,498,2223,1007,0,0,0
Pride / Rio (SC),Mexico Plant,November,1785,378,4126,0,0,1136,290,134,12,0,0
K3,Mexico Plant,November,9849,720,946,0,0,68,0,0,10,0,0
Pride / Rio (FB),Russia Plant(incl. CKD Sales),November,0,0,0,0,10,0,0,0,0,0,0
K3 (CKD),Russia Plant(incl. CKD Sales),November,0,0,0,0,30,0,0,0,0,0,0
Soul (CKD),Russia Plant(incl. CKD Sales),November,0,0,0,0,220,0,0,0,0,0,0
Seltos (CKD),Russia Plant(incl. CKD Sales),November,0,0,0,0,510,0,0,0,0,0,0
Sorento (CKD),Russia Plant(incl. CKD Sales),November,,,,,,,,,,,
Optima / K5,US Plant,November,5112,51,0,0,0,9,0,0,0,0,0
Sportage,US Plant,November,6624,0,0,0,0,30,0,0,0,0,0
Sorento,US Plant,November,5353,425,172,0,0,27,0,0,0,0,0
Telluride,US Plant,November,8810,388,0,0,0,2,202,0,2,0,0
Pegas,China Plants,November,0,0,0,0,0,2418,1615,79,171,0,56
Forte,China Plants,November,,,,0,0,,,,,0,2262
K3,China Plants,November,0,0,0,0,0,0,0,0,0,0,644
K5 / Optima,China Plants,November,0,0,0,0,0,0,0,0,0,0,95
KX1,China Plants,November,0,0,0,0,0,0,0,0,167,0,761
KX3,China Plants,November,,,,0,0,,,,,0,931
Zhipao,China Plants,November,,,,0,0,,,,,0,464
Sportage(KX5),China Plants,November,0,0,0,0,0,0,0,0,0,0,1524
KX7,China Plants,November,,,,0,0,,,,,0,0
Carnival,China Plants,November,,,,0,0,,,,,0,157
Sonet,China Plants,November,0,0,0,0,0,0,0,0,0,0,0
Seltos,China Plants,November,0,0,1778,0,0,606,509,68,26,0,0
EV5,China Plants,November,0,0,0,0,0,0,0,0,0,0,104
Sonet,India Plants,November,0,0,0,0,0,1238,1537,1093,98,6715,0
Seltos,India Plants,November,0,0,42,0,0,336,504,423,98,10263,0
Carens MPV,India Plants,November,0,0,0,0,0,197,387,45,59,4993,0
Carnival (CKD),India Plants,November,0,0,0,0,0,0,129,0,130,0,0
Morning / Picanto,CKD (excl. Russia),November,0,0,0,0,0,0,129,0,130,0,0
Pegas,CKD (excl. Russia),November,0,0,0,0,0,0,0,0,39,0,0
K3,CKD (excl. Russia),November,0,0,0,0,350,0,0,0,275,0,0
K5 / Optima,CKD (excl. Russia),November,0,0,0,0,0,0,0,0,32,0,0
"K7, K8 / Cadenza",CKD (excl. Russia),November,0,0,0,0,0,0,0,0,0,0,0
Sonet,CKD (excl. Russia),November,0,0,0,0,0,375,0,0,1154,0,0
Stonic,CKD (excl. Russia),November,0,0,0,0,0,0,26,0,0,0,0
Seltos,CKD (excl. Russia),November,0,0,0,0,0,0,0,0,752,0,0
Niro,CKD (excl. Russia),November,0,0,0,0,0,0,0,0,0,0,0
EV6,CKD (excl. Russia),November,0,0,0,0,0,0,0,0,0,0,0
Sportage,CKD (excl. Russia),November,0,0,0,0,400,0,143,0,112,0,0
Sorento,CKD (excl. Russia),November,0,0,0,0,0,0,96,0,106,0,0
New Carens,CKD (excl. Russia),November,0,0,0,0,0,0,0,0,0,0,0
Carens MPV,CKD (excl. Russia),November,0,0,0,0,0,0,0,0,398,0,0
Carnival / Sedona,CKD (excl. Russia),November,0,0,0,0,0,0,0,0,844,0,0
Bongo / Frontier,CKD (excl. Russia),November,0,0,0,0,0,199,0,0,780,0,0
Bongo,Special Vehicle,November,0,0,0,0,80,11,0,2,8,0,0
Millitary,Special Vehicle,November,0,0,0,0,0,13,0,50,0,0,0
Bongo (CKD),Special Vehicle,November,0,0,0,0,0,0,0,0,0,0,0
Millitary (CKD),Special Vehicle,November,0,0,0,0,0,0,0,1,0,0,0
Bus (CKD),Special Vehicle,November,0,0,0,0,0,0,0,0,40,0,0
Morning / Picanto,Korean Plant,December,0,0,0,2566,228,2092,405,724,587,0,0
Pride / Rio,Korean Plant,December,0,0,0,307,4,102,5,163,3,0,0
K3,Korean Plant,December,0,20,34,0,171,14,660,222,682,0,0
K5 / Optima,Korean Plant,December,0,0,0,0,445,14,830,11,13,0,0
Stinger,Korean Plant,December,11,8,0,24,1,0,15,0,13,0,0
"K7,8 / Cadenza",Korean Plant,December,0,0,0,0,37,0,81,0,0,0,0
K9,Korean Plant,December,0,0,0,0,14,0,0,0,0,0,0
Stonic,Korean Plant,December,0,0,0,4032,960,194,75,269,465,0,0
Seltos,Korean Plant,December,4425,1259,0,0,309,243,30,0,677,0,0
Soul,Korean Plant,December,3399,142,162,0,27,269,0,0,3,0,0
Soul EV,Korean Plant,December,0,9,0,87,0,3,0,0,0,0,0
Niro,Korean Plant,December,1272,67,111,2185,32,165,44,46,188,0,0
Niro EV,Korean Plant,December,1169,282,0,2139,68,17,9,41,147,0,0
Niro Plus,Korean Plant,December,0,0,0,0,0,0,49,2,90,0,0
Niro Plus EV,Korean Plant,December,0,0,0,0,0,0,0,0,9,0,0
EV6,Korean Plant,December,1249,216,8,1942,5,16,1,19,510,30,5
EV9,Korean Plant,December,1113,41,0,919,2,8,4,2,117,0,0
Sportage,Korean Plant,December,4208,1071,601,0,528,810,0,0,2040,0,0
Sorento,Korean Plant,December,1437,2,0,1098,248,127,980,125,538,0,0
Mohave / Borrego,Korean Plant,December,0,0,0,0,20,0,0,0,0,0,0
Carnival / Sedona,Korean Plant,December,3603,292,0,0,51,80,182,123,1311,0,0
Bongo / Frontier,Korean Plant,December,0,0,0,0,613,889,1549,144,185,0,0
Bus,Korean Plant,December,0,0,0,0,0,0,0,0,0,0,0
Cee'd,Slovakia Plant,December,0,0,0,5722,329,5,0,53,14,0,0
Cee'd CUV,Slovakia Plant,December,0,0,0,2558,269,17,0,106,0,0,0
Sportage,Slovakia Plant,December,0,0,0,10679,963,582,1120,1179,0,0,0
Pride / Rio (SC),Mexico Plant,December,1279,289,4160,0,0,1061,74,61,2,0,0
K3,Mexico Plant,December,9576,621,1012,0,0,156,0,0,2,0,0
Pride / Rio (FB),Russia Plant(incl. CKD Sales),December,0,0,0,0,2,0,0,0,0,0,0
K3 (CKD),Russia Plant(incl. CKD Sales),December,0,0,0,0,14,0,0,0,0,0,0
Soul (CKD),Russia Plant(incl. CKD Sales),December,0,0,0,0,277,0,0,0,0,0,0
Seltos (CKD),Russia Plant(incl. CKD Sales),December,0,0,0,0,446,0,0,0,0,0,0
Sorento (CKD),Russia Plant(incl. CKD Sales),December,,,,,,,,,,,
Optima / K5,US Plant,December,4866,19,0,0,0,14,0,0,0,0,0
Sportage,US Plant,December,6925,0,0,0,0,22,0,0,0,0,0
Sorento,US Plant,December,6302,186,154,0,0,34,0,0,0,0,0
Telluride,US Plant,December,9441,158,0,0,0,11,87,0,1,0,0
Pegas,China Plants,December,0,0,0,0,0,2039,1339,115,133,0,48
Forte,China Plants,December,,,,0,0,,,,,0,1493
K3,China Plants,December,0,0,0,0,0,0,0,0,0,0,1234
K5 / Optima,China Plants,December,0,0,0,0,0,0,0,0,0,0,202
KX1,China Plants,December,0,0,0,0,0,0,0,0,99,0,859
KX3,China Plants,December,,,,0,0,,,,,0,1345
Zhipao,China Plants,December,,,,0,0,,,,,0,682
Sportage(KX5),China Plants,December,0,0,0,0,0,0,0,0,0,0,1636
KX7,China Plants,December,,,,0,0,,,,,0,0
Carnival,China Plants,December,,,,0,0,,,,,0,156
Sonet,China Plants,December,0,0,0,0,0,0,0,0,0,0,0
Seltos,China Plants,December,0,0,1649,0,0,719,1066,1,54,0,0
EV5,China Plants,December,0,0,0,0,0,0,0,0,0,0,347
Sonet,India Plants,December,0,0,0,0,0,1393,1885,1101,101,3903,0
Seltos,India Plants,December,0,0,16,0,0,253,174,427,97,10436,0
Carens MPV,India Plants,December,0,0,0,0,0,249,205,68,55,4727,0
Carnival (CKD),India Plants,December,,,,,,,,,,,
Morning / Picanto,CKD (excl. Russia),December,0,0,0,0,0,0,136,0,102,0,0
Pegas,CKD (excl. Russia),December,0,0,0,0,0,0,0,0,45,0,0
K3,CKD (excl. Russia),December,0,0,0,0,300,0,0,0,389,0,0
K5 / Optima,CKD (excl. Russia),December,0,0,0,0,0,0,0,0,18,0,0
"K7, K8 / Cadenza",CKD (excl. Russia),December,0,0,0,0,0,0,0,0,0,0,0
Sonet,CKD (excl. Russia),December,0,0,0,0,0,397,0,0,1372,0,0
Stonic,CKD (excl. Russia),December,0,0,0,0,0,0,25,0,0,0,0
Seltos,CKD (excl. Russia),December,0,0,0,0,0,0,0,0,1101,0,0
Niro,CKD (excl. Russia),December,0,0,0,0,0,0,0,0,0,0,0
EV6,CKD (excl. Russia),December,0,0,0,0,0,0,0,0,0,0,0
Sportage,CKD (excl. Russia),December,0,0,0,0,950,0,193,0,251,0,0
Sorento,CKD (excl. Russia),December,0,0,0,0,0,0,167,0,134,0,0
New Carens,CKD (excl. Russia),December,0,0,0,0,0,0,0,0,0,0,0
Carens MPV,CKD (excl. Russia),December,0,0,0,0,0,0,0,0,476,0,0
Carnival / Sedona,CKD (excl. Russia),December,0,0,0,0,0,0,0,0,667,0,0
Bongo / Frontier,CKD (excl. Russia),December,0,0,0,0,0,235,0,0,501,0,0
Bongo,Special Vehicle,December,0,0,0,0,127,0,0,0,16,0,0
Millitary,Special Vehicle,December,0,0,0,0,0,0,0,0,30,0,0
Bongo (CKD),Special Vehicle,December,0,0,0,0,0,0,0,0,0,0,0
Millitary (CKD),Special Vehicle,December,0,0,0,0,0,0,0,0,0,0,0
Bus (CKD),Special Vehicle,December,0,0,0,0,0,0,0,0,30,0,0
